﻿pos_x,pos_y,rotation,side,designator,mpn,pack,footprint,value,mount_type
113.284,-85.09,0.0,top,BATT,,,PinSocket_1x04_P2.54mm_Vertical,Conn_01x04_Socket,tht
141.25,-129.65,180.0,top,C1,,,CP_Elec_5x5.3,10u 50V,smt
146.55,-116.75,90.0,top,C2,,,C_0603_1608Metric,100n,smt
138.625,-89.25,0.0,top,C3,,,C_0603_1608Metric,22u,smt
142.8375,-87.0375,0.0,top,C4,,,C_0603_1608Metric,22u,smt
142.7875,-89.2375,0.0,top,C5,,,C_0603_1608Metric,100n,smt
138.6375,-87.0875,0.0,top,C6,,,C_0603_1608Metric,100nF,smt
103.725,-69.15,0.0,top,C7,,,C_0603_1608Metric,100nF,smt
109.775,-73.675,0.0,top,CH340,,,SOIC-16_3.9x9.9mm_P1.27mm,CH340C,smt
103.75,-67.0,180.0,top,D2,,,D_0603_1608Metric,D,smt
103.75,-64.85,180.0,top,D4,,,D_0603_1608Metric,D,smt
126.35,-57.48,0.0,top,ESP8266,,,WT8266-S1,WT8266-S1,smt
112.5,-144.9,0.0,top,J1,,,"TerminalBlock_Phoenix_MKDS-1,5-6_1x06_P5.00mm_Horizontal",Screw_Terminal_01x06,tht
106.8,-85.09,0.0,top,KB,,,PinSocket_1x04_P2.54mm_Vertical,Conn_01x04_Socket,tht
146.15,-122.85,180.0,top,L1,,,L_Ferrocore_DLG-0504,4u7,smt
125.06,-92.1,0.0,top,LED,,,LED_D5.0mm,LED - R,tht
137.325,-105.6,0.0,top,Q1,,,SOT-23,BC846,smt
133.175,-105.6,0.0,top,Q2,,,SOT-23,BC846,smt
129.1,-105.6,0.0,top,Q3,,,SOT-23,BC857,smt
142.2,-93.6125,0.0,top,Q4,,,SOT-23,BC817,smt
142.2,-98.2375,0.0,top,Q5,,,SOT-23,BC817,smt
138.65,-61.25,0.0,top,R1,,,R_0603_1608Metric,10k,smt
142.8375,-82.4375,0.0,top,R10,,,R_0603_1608Metric,10k,smt
142.8375,-84.7375,0.0,top,R11,,,R_0603_1608Metric,10k,smt
114.6,-61.4,0.0,top,R12,,,R_0603_1608Metric,10k,smt
136.5625,-109.85,0.0,top,R2,,,R_0603_1608Metric,10k,smt
127.4125,-101.65,180.0,top,R3,,,R_0603_1608Metric,820,smt
127.6,-86.05,-90.0,top,R4,,,R_0603_1608Metric,100R,smt
142.7875,-80.3375,180.0,top,R5,,,R_0603_1608Metric,10K,smt
127.1,-73.8,90.0,top,R6,,,R_0603_1608Metric,4k7,smt
137.7375,-93.4375,90.0,top,R8,,,R_0603_1608Metric,10k,smt
137.7375,-97.1875,-90.0,top,R9,,,R_0603_1608Metric,10k,smt
112.2,-111.4,0.0,top,Siren,,,LPT2270AS,Siren,smt
145.35,-74.35,180.0,top,TAMPER,,,SW_PUSH_6mm,tamper switch,tht
142.15,-116.3,180.0,top,U1,,,TSOT-23-6,AP63203WU,smt
125.85,-131.15,0.0,top,U4,,,SOIC127P599X175-8N,P82B96,smt
106.55,-58.6,0.0,top,USB,,,USB_Mini-B_Tensility_54-00023_Vertical,USB_B_Mini,tht
