﻿Designator,Quantity,Value,Footprint,Package,MPN,DNP,Mount_Type,Description,Sim.Device,Sim.Pins
12V,1,12V,TestPoint_Pad_1.5x1.5mm,,,,tht,,,
"BATT, KB",2,Conn_01x04_Socket,PinSocket_1x04_P2.54mm_Vertical,,,,tht,,,
BATT,1,batt test,TestPoint_Pad_1.5x1.5mm,,,,tht,,,
C1,1,10u 50V,CP_Elec_5x5.3,,,,smt,,,
"C2, C5",2,100n,C_0603_1608Metric,,,,smt,,,
"C3, C4",2,22u,C_0603_1608Metric,,,,smt,,,
"C6, C7",2,100nF,C_0603_1608Metric,,,,smt,Unpolarized capacitor,,
CH340,1,CH340C,SOIC-16_3.9x9.9mm_P1.27mm,,,,smt,"USB serial converter, crystal-less, UART, SOIC-16",,
"D2, D4",2,D,D_0603_1608Metric,,,,smt,Diode,D,1=K 2=A
ESP8266,1,WT8266-S1,WT8266-S1,,,,smt,,,
ESP_EN,1,reset test,TestPoint_Pad_1.5x1.5mm,,,,tht,,,
GND,1,GND,TestPoint_Pad_1.5x1.5mm,,,,tht,,,
J1,1,Screw_Terminal_01x06,"TerminalBlock_Phoenix_MKDS-1,5-6_1x06_P5.00mm_Horizontal",,,,tht,"Generic screw terminal, single row, 01x06, script generated (kicad-library-utils/schlib/autogen/connector/)",,
L1,1,4u7,L_Ferrocore_DLG-0504,,,,smt,,,
LED,1,LED - R,LED_D5.0mm,,,,tht,,,
"Q1, Q2",2,BC846,SOT-23,,,,smt,,,
Q3,1,BC857,SOT-23,,,,smt,,,
"Q4, Q5",2,BC817,SOT-23,,,,smt,"0.8A Ic, 45V Vce, NPN Transistor, SOT-23",,
"R1, R10, R11, R12, R2, R8, R9",7,10k,R_0603_1608Metric,,,,smt,Resistor,,
R3,1,820,R_0603_1608Metric,,,,smt,,,
R4,1,100R,R_0603_1608Metric,,,,smt,,,
R5,1,10K,R_0603_1608Metric,,,,smt,,,
R6,1,4k7,R_0603_1608Metric,,,,smt,,,
Siren,1,buzzer test,TestPoint_Pad_1.5x1.5mm,,,,tht,,,
Siren,1,Siren,LPT2270AS,,,,smt,,,
TAMPER,1,tamper switch,SW_PUSH_6mm,,,,tht,,,
TAMPER,1,tamper test,TestPoint_Pad_1.5x1.5mm,,,,tht,,,
U1,1,AP63203WU,TSOT-23-6,,,,smt,,,
U4,1,P82B96,SOIC127P599X175-8N,,,,smt,"Dual I2C Bus Buffer, DIP8/SO8/TSSOP8",,
USB,1,USB_B_Mini,USB_Mini-B_Tensility_54-00023_Vertical,,,,tht,USB Mini Type B connector,,
